Workbook

Sheet X1
A1: Correlations
C2: X1.1 | D2: X1.2 | E2: X1.3 | F2: X1.4 | G2: X1.5 | H2: X1.6 | I2: X1.7 | J2: X1.8 | K2: X1.9 | L2: X1.10 | M2: Kualitas Pelayanan
A3: X1.1 | B3: Pearson Correlation | C3: 1 | D3: .723** | E3: .465** | F3: .476** | G3: .531** | H3: .316** | I3: .453** | J3: .372** | K3: .455** | L3: .204* | M3: 0,748**
B4: Sig. (2-tailed) | D4: 2.9988102e-17 | E4: 1.2053961e-06 | F4: 6.5091633e-07 | G4: 1.5989007e-08 | H4: 0.0014290783 | I4: 2.5392826e-06 | J4: 0.0001528342 | K4: 2.2095667e-06 | L4: 0.042465683 | M4: 5.3402926e-19
B5: N | C5: 99 | D5: 99 | E5: 99 | F5: 99 | G5: 99 | H5: 99 | I5: 99 | J5: 99 | K5: 99 | L5: 99 | M5: 99
A6: X1.2 | B6: Pearson Correlation | C6: .723** | D6: 1 | E6: .457** | F6: .475** | G6: .476** | H6: .394** | I6: .385** | J6: .299** | K6: .423** | L6: .257* | M6: 0,733**
B7: Sig. (2-tailed) | C7: 2.9988102e-17 | E7: 2.0169065e-06 | F7: 6.6478443e-07 | G7: 6.4405079e-07 | H7: 5.4934348e-05 | I7: 8.3310867e-05 | J7: 0.0026652487 | K7: 1.2625519e-05 | L7: 0.010161016 | M7: 6.6161296e-18
B8: N | C8: 99 | D8: 99 | E8: 99 | F8: 99 | G8: 99 | H8: 99 | I8: 99 | J8: 99 | K8: 99 | L8: 99 | M8: 99
A9: X1.3 | B9: Pearson Correlation | C9: .465** | D9: .457** | E9: 1 | F9: .732** | G9: .455** | H9: .457** | I9: .516** | J9: .478** | K9: 0.11839804 | L9: -0.0016163554 | M9: 0,704**
B10: Sig. (2-tailed) | C10: 1.2053961e-06 | D10: 2.0169065e-06 | F10: 7.850607e-18 | G10: 2.2733771e-06 | H10: 2.0169065e-06 | I10: 4.7432353e-08 | J10: 5.4777174e-07 | K10: 0.2431317 | L10: 0.98733149 | M10: 4.3266423e-16
B11: N | C11: 99 | D11: 99 | E11: 99 | F11: 99 | G11: 99 | H11: 99 | I11: 99 | J11: 99 | K11: 99 | L11: 99 | M11: 99
A12: X1.4 | B12: Pearson Correlation | C12: .476** | D12: .475** | E12: .732** | F12: 1 | G12: .621** | H12: .560** | I12: .611** | J12: .566** | K12: 0.12901197 | L12: -0.045949468 | M12: 0,768**
B13: Sig. (2-tailed) | C13: 6.5091633e-07 | D13: 6.6478443e-07 | E13: 7.850607e-18 | G13: 6.7495473e-12 | H13: 1.6220035e-09 | I13: 1.9474846e-11 | J13: 9.9201381e-10 | K13: 0.20313298 | L13: 0.65154012 | M13: 1.7553396e-20
B14: N | C14: 99 | D14: 99 | E14: 99 | F14: 99 | G14: 99 | H14: 99 | I14: 99 | J14: 99 | K14: 99 | L14: 99 | M14: 99
A15: X1.5 | B15: Pearson Correlation | C15: .531** | D15: .476** | E15: .455** | F15: .621** | G15: 1 | H15: .557** | I15: .569** | J15: .531** | K15: 0.19719051 | L15: 0.030337001 | M15: 0,745**
B16: Sig. (2-tailed) | C16: 1.5989007e-08 | D16: 6.4405079e-07 | E16: 2.2733771e-06 | F16: 6.7495473e-12 | H16: 2.1373084e-09 | I16: 8.023306e-10 | J16: 1.5785107e-08 | K16: 0.050423109 | L16: 0.76563874 | M16: 9.9409536e-19
B17: N | C17: 99 | D17: 99 | E17: 99 | F17: 99 | G17: 99 | H17: 99 | I17: 99 | J17: 99 | K17: 99 | L17: 99 | M17: 99
A18: X1.6 | B18: Pearson Correlation | C18: .316** | D18: .394** | E18: .457** | F18: .560** | G18: .557** | H18: 1 | I18: .583** | J18: .548** | K18: 0.049515623 | L18: 0.0079728546 | M18: 0,672**
B19: Sig. (2-tailed) | C19: 0.0014290783 | D19: 5.4934348e-05 | E19: 2.0169065e-06 | F19: 1.6220035e-09 | G19: 2.1373084e-09 | I19: 2.3249613e-10 | J19: 4.3260939e-09 | K19: 0.62645968 | L19: 0.93757141 | M19: 2.7010784e-14
B20: N | C20: 99 | D20: 99 | E20: 99 | F20: 99 | G20: 99 | H20: 99 | I20: 99 | J20: 99 | K20: 99 | L20: 99 | M20: 99
A21: X1.7 | B21: Pearson Correlation | C21: .453** | D21: .385** | E21: .516** | F21: .611** | G21: .569** | H21: .583** | I21: 1 | J21: .818** | K21: 0.12368548 | L21: 0.0012368548 | M21: 0,760**
B22: Sig. (2-tailed) | C22: 2.5392826e-06 | D22: 8.3310867e-05 | E22: 4.7432353e-08 | F22: 1.9474846e-11 | G22: 8.023306e-10 | H22: 2.3249613e-10 | J22: 5.5231111e-25 | K22: 0.22257289 | L22: 0.99030574 | M22: 7.7987094e-20
B23: N | C23: 99 | D23: 99 | E23: 99 | F23: 99 | G23: 99 | H23: 99 | I23: 99 | J23: 99 | K23: 99 | L23: 99 | M23: 99
A24: X1.8 | B24: Pearson Correlation | C24: .372** | D24: .299** | E24: .478** | F24: .566** | G24: .531** | H24: .548** | I24: .818** | J24: 1 | K24: 0.10310613 | L24: 0.060396894 | M24: 0,716**
B25: Sig. (2-tailed) | C25: 0.0001528342 | D25: 0.0026652487 | E25: 5.4777174e-07 | F25: 9.9201381e-10 | G25: 1.5785107e-08 | H25: 4.3260939e-09 | I25: 5.5231111e-25 | K25: 0.30983246 | L25: 0.55261115 | M25: 8.3964756e-17
B26: N | C26: 99 | D26: 99 | E26: 99 | F26: 99 | G26: 99 | H26: 99 | I26: 99 | J26: 99 | K26: 99 | L26: 99 | M26: 99
A27: X1.9 | B27: Pearson Correlation | C27: .455** | D27: .423** | E27: 0.11839804 | F27: 0.12901197 | G27: 0.19719051 | H27: 0.049515623 | I27: 0.12368548 | J27: 0.10310613 | K27: 1 | L27: .744** | M27: 0,496**
B28: Sig. (2-tailed) | C28: 2.2095667e-06 | D28: 1.2625519e-05 | E28: 0.2431317 | F28: 0.20313298 | G28: 0.050423109 | H28: 0.62645968 | I28: 0.22257289 | J28: 0.30983246 | L28: 1.1617056e-18 | M28: 1.7434863e-07
B29: N | C29: 99 | D29: 99 | E29: 99 | F29: 99 | G29: 99 | H29: 99 | I29: 99 | J29: 99 | K29: 99 | L29: 99 | M29: 99
A30: X1.10 | B30: Pearson Correlation | C30: .204* | D30: .257* | E30: -0.0016163554 | F30: -0.045949468 | G30: 0.030337001 | H30: 0.0079728546 | I30: 0.0012368548 | J30: 0.060396894 | K30: .744** | L30: 1 | M30: 0,333**
B31: Sig. (2-tailed) | C31: 0.042465683 | D31: 0.010161016 | E31: 0.98733149 | F31: 0.65154012 | G31: 0.76563874 | H31: 0.93757141 | I31: 0.99030574 | J31: 0.55261115 | K31: 1.1617056e-18 | M31: 0.00074659985
B32: N | C32: 99 | D32: 99 | E32: 99 | F32: 99 | G32: 99 | H32: 99 | I32: 99 | J32: 99 | K32: 99 | L32: 99 | M32: 99
A33: Kualitas Pelayanan | B33: Pearson Correlation | C33: .748** | D33: .733** | E33: .704** | F33: .768** | G33: .745** | H33: .672** | I33: .760** | J33: .716** | K33: .496** | L33: .333** | M33: 1
B34: Sig. (2-tailed) | C34: 5.3402926e-19 | D34: 6.6161296e-18 | E34: 4.3266423e-16 | F34: 1.7553396e-20 | G34: 9.9409536e-19 | H34: 2.7010784e-14 | I34: 7.7987094e-20 | J34: 8.3964756e-17 | K34: 1.7434863e-07 | L34: 0.00074659985
B35: N | C35: 99 | D35: 99 | E35: 99 | F35: 99 | G35: 99 | H35: 99 | I35: 99 | J35: 99 | K35: 99 | L35: 99 | M35: 99
A36: **. Correlation is significant at the 0.01 level (2-tailed).
A37: *. Correlation is significant at the 0.05 level (2-tailed).

Sheet X2
A1: Correlations
C2: X2.1 | D2: X2.2 | E2: X2.3 | F2: X2.4 | G2: X2.5 | H2: X2.6 | I2: X2.7 | J2: X2.8 | K2: X2.9 | L2: X2.10 | M2: Fasilitas
A3: X2.1 | B3: Pearson Correlation | C3: 1 | D3: .511** | E3: .453** | F3: .523** | G3: .566** | H3: .638** | I3: .425** | J3: .326** | K3: 0.15549441 | L3: .329** | M3: 0,748**
B4: Sig. (2-tailed) | D4: 6.4082681e-08 | E4: 2.5007654e-06 | F4: 2.8167045e-08 | G4: 9.9401975e-10 | H4: 1.1782205e-12 | I4: 1.1883716e-05 | J4: 0.00099888984 | K4: 0.12432644 | L4: 0.00087088883 | M4: 5.4710492e-19
B5: N | C5: 99 | D5: 99 | E5: 99 | F5: 99 | G5: 99 | H5: 99 | I5: 99 | J5: 99 | K5: 99 | L5: 99 | M5: 99
A6: X2.2 | B6: Pearson Correlation | C6: .511** | D6: 1 | E6: 0.14779775 | F6: .548** | G6: .523** | H6: .570** | I6: .340** | J6: 0.10826685 | K6: 0.014751586 | L6: 0.15585543 | M6: 0,624**
B7: Sig. (2-tailed) | C7: 6.4082681e-08 | E7: 0.14431116 | F7: 4.415433e-09 | G7: 2.8264368e-08 | H7: 7.6419765e-10 | I7: 0.00056957007 | J7: 0.28610753 | K7: 0.88477387 | L7: 0.12344409 | M7: 5.0176177e-12
B8: N | C8: 99 | D8: 99 | E8: 99 | F8: 99 | G8: 99 | H8: 99 | I8: 99 | J8: 99 | K8: 99 | L8: 99 | M8: 99
A9: X2.3 | B9: Pearson Correlation | C9: .453** | D9: 0.14779775 | E9: 1 | F9: .259** | G9: .282** | H9: .218* | I9: .229* | J9: .419** | K9: .200* | L9: .205* | M9: 0,509**
B10: Sig. (2-tailed) | C10: 2.5007654e-06 | D10: 0.14431116 | F10: 0.0095765823 | G10: 0.0046470404 | H10: 0.030245823 | I10: 0.022396877 | J10: 1.6032402e-05 | K10: 0.047311706 | L10: 0.041715618 | M10: 7.6346276e-08
B11: N | C11: 99 | D11: 99 | E11: 99 | F11: 99 | G11: 99 | H11: 99 | I11: 99 | J11: 99 | K11: 99 | L11: 99 | M11: 99
A12: X2.4 | B12: Pearson Correlation | C12: .523** | D12: .548** | E12: .259** | F12: 1 | G12: .870** | H12: .687** | I12: .442** | J12: .339** | K12: 0.13468005 | L12: .259** | M12: 0,767**
B13: Sig. (2-tailed) | C13: 2.8167045e-08 | D13: 4.415433e-09 | E13: 0.0095765823 | G13: 1.7704473e-31 | H13: 4.3056796e-15 | I13: 4.6300318e-06 | J13: 0.00059030463 | K13: 0.18381667 | L13: 0.0095875596 | M13: 2.2322138e-20
B14: N | C14: 99 | D14: 99 | E14: 99 | F14: 99 | G14: 99 | H14: 99 | I14: 99 | J14: 99 | K14: 99 | L14: 99 | M14: 99
A15: X2.5 | B15: Pearson Correlation | C15: .566** | D15: .523** | E15: .282** | F15: .870** | G15: 1 | H15: .746** | I15: .458** | J15: .347** | K15: 0.10263873 | L15: .261** | M15: 0,781**
B16: Sig. (2-tailed) | C16: 9.9401975e-10 | D16: 2.8264368e-08 | E16: 0.0046470404 | F16: 1.7704473e-31 | H16: 7.9430087e-19 | I16: 1.8270786e-06 | J16: 0.00042730655 | K16: 0.3120426 | L16: 0.0090119963 | M16: 1.4653082e-21
B17: N | C17: 99 | D17: 99 | E17: 99 | F17: 99 | G17: 99 | H17: 99 | I17: 99 | J17: 99 | K17: 99 | L17: 99 | M17: 99
A18: X2.6 | B18: Pearson Correlation | C18: .638** | D18: .570** | E18: .218* | F18: .687** | G18: .746** | H18: 1 | I18: .428** | J18: .388** | K18: .331** | L18: .345** | M18: 0,815**
B19: Sig. (2-tailed) | C19: 1.1782205e-12 | D19: 7.6419765e-10 | E19: 0.030245823 | F19: 4.3056796e-15 | G19: 7.9430087e-19 | I19: 9.9830135e-06 | J19: 7.1351197e-05 | K19: 0.00082139626 | L19: 0.00047911797 | M19: 9.615992e-25
B20: N | C20: 99 | D20: 99 | E20: 99 | F20: 99 | G20: 99 | H20: 99 | I20: 99 | J20: 99 | K20: 99 | L20: 99 | M20: 99
A21: X2.7 | B21: Pearson Correlation | C21: .425** | D21: .340** | E21: .229* | F21: .442** | G21: .458** | H21: .428** | I21: 1 | J21: .538** | K21: .297** | L21: .330** | M21: 0,664**
B22: Sig. (2-tailed) | C22: 1.1883716e-05 | D22: 0.00056957007 | E22: 0.022396877 | F22: 4.6300318e-06 | G22: 1.8270786e-06 | H22: 9.9830135e-06 | J22: 9.2015566e-09 | K22: 0.0028808776 | L22: 0.00086606475 | M22: 6.6945832e-14
B23: N | C23: 99 | D23: 99 | E23: 99 | F23: 99 | G23: 99 | H23: 99 | I23: 99 | J23: 99 | K23: 99 | L23: 99 | M23: 99
A24: X2.8 | B24: Pearson Correlation | C24: .326** | D24: 0.10826685 | E24: .419** | F24: .339** | G24: .347** | H24: .388** | I24: .538** | J24: 1 | K24: .503** | L24: .443** | M24: 0,644**
B25: Sig. (2-tailed) | C25: 0.00099888984 | D25: 0.28610753 | E25: 1.6032402e-05 | F25: 0.00059030463 | G25: 0.00042730655 | H25: 7.1351197e-05 | I25: 9.2015566e-09 | K25: 1.1416213e-07 | L25: 4.4883575e-06 | M25: 6.2813946e-13
B26: N | C26: 99 | D26: 99 | E26: 99 | F26: 99 | G26: 99 | H26: 99 | I26: 99 | J26: 99 | K26: 99 | L26: 99 | M26: 99
A27: X2.9 | B27: Pearson Correlation | C27: 0.15549441 | D27: 0.014751586 | E27: .200* | F27: 0.13468005 | G27: 0.10263873 | H27: .331** | I27: .297** | J27: .503** | K27: 1 | L27: .798** | M27: 0,504**
B28: Sig. (2-tailed) | C28: 0.12432644 | D28: 0.88477387 | E28: 0.047311706 | F28: 0.18381667 | G28: 0.3120426 | H28: 0.00082139626 | I28: 0.0028808776 | J28: 1.1416213e-07 | L28: 4.3192409e-23 | M28: 1.0226085e-07
B29: N | C29: 99 | D29: 99 | E29: 99 | F29: 99 | G29: 99 | H29: 99 | I29: 99 | J29: 99 | K29: 99 | L29: 99 | M29: 99
A30: X2.10 | B30: Pearson Correlation | C30: .329** | D30: 0.15585543 | E30: .205* | F30: .259** | G30: .261** | H30: .345** | I30: .330** | J30: .443** | K30: .798** | L30: 1 | M30: 0,597**
B31: Sig. (2-tailed) | C31: 0.00087088883 | D31: 0.12344409 | E31: 0.041715618 | F31: 0.0095875596 | G31: 0.0090119963 | H31: 0.00047911797 | I31: 0.00086606475 | J31: 4.4883575e-06 | K31: 4.3192409e-23 | M31: 7.0384222e-11
B32: N | C32: 99 | D32: 99 | E32: 99 | F32: 99 | G32: 99 | H32: 99 | I32: 99 | J32: 99 | K32: 99 | L32: 99 | M32: 99
A33: Fasilitas | B33: Pearson Correlation | C33: .748** | D33: .624** | E33: .509** | F33: .767** | G33: .781** | H33: .815** | I33: .664** | J33: .644** | K33: .504** | L33: .597** | M33: 1
B34: Sig. (2-tailed) | C34: 5.4710492e-19 | D34: 5.0176177e-12 | E34: 7.6346276e-08 | F34: 2.2322138e-20 | G34: 1.4653082e-21 | H34: 9.615992e-25 | I34: 6.6945832e-14 | J34: 6.2813946e-13 | K34: 1.0226085e-07 | L34: 7.0384222e-11
B35: N | C35: 99 | D35: 99 | E35: 99 | F35: 99 | G35: 99 | H35: 99 | I35: 99 | J35: 99 | K35: 99 | L35: 99 | M35: 99
A36: **. Correlation is significant at the 0.01 level (2-tailed).
A37: *. Correlation is significant at the 0.05 level (2-tailed).

Sheet Y
A1: Correlations
C2: Y1 | D2: Y2 | E2: Y3 | F2: Y4 | G2: Y5 | H2: Y6 | I2: Y7 | J2: Y8 | K2: Y9 | L2: Y10 | M2: Kepuasan Penumpang
A3: Y1 | B3: Pearson Correlation | C3: 1 | D3: .680** | E3: .199* | F3: 0.03543051 | G3: 0.18960432 | H3: .215* | I3: .199* | J3: .225* | K3: 0.11247243 | L3: -0.038414132 | M3: 0,401**
B4: Sig. (2-tailed) | D4: 9.9794427e-15 | E4: 0.048375286 | F4: 0.72771907 | G4: 0.060153315 | H4: 0.032816258 | I4: 0.048855323 | J4: 0.024935482 | K4: 0.26769122 | L4: 0.70580136 | M4: 3.8901561e-05
B5: N | C5: 99 | D5: 99 | E5: 99 | F5: 99 | G5: 99 | H5: 99 | I5: 99 | J5: 99 | K5: 99 | L5: 99 | M5: 99
A6: Y2 | B6: Pearson Correlation | C6: .680** | D6: 1 | E6: .273** | F6: .256* | G6: .333** | H6: .375** | I6: .294** | J6: .396** | K6: .231* | L6: 0.174701 | M6: 0,553**
B7: Sig. (2-tailed) | C7: 9.9794427e-15 | E7: 0.0063488087 | F7: 0.010571422 | G7: 0.00076402255 | H7: 0.00013111301 | I7: 0.0031586301 | J7: 4.9434507e-05 | K7: 0.021635762 | L7: 0.083718972 | M7: 2.8452229e-09
B8: N | C8: 99 | D8: 99 | E8: 99 | F8: 99 | G8: 99 | H8: 99 | I8: 99 | J8: 99 | K8: 99 | L8: 99 | M8: 99
A9: Y3 | B9: Pearson Correlation | C9: .199* | D9: .273** | E9: 1 | F9: .637** | G9: .580** | H9: .732** | I9: .725** | J9: .664** | K9: .664** | L9: .595** | M9: 0,807**
B10: Sig. (2-tailed) | C10: 0.048375286 | D10: 0.0063488087 | F10: 1.4214559e-12 | G10: 3.2259023e-10 | H10: 7.9896799e-18 | I10: 2.0914988e-17 | J10: 6.7257082e-14 | K10: 6.7257082e-14 | L10: 8.5942229e-11 | M10: 5.8686388e-24
B11: N | C11: 99 | D11: 99 | E11: 99 | F11: 99 | G11: 99 | H11: 99 | I11: 99 | J11: 99 | K11: 99 | L11: 99 | M11: 99
A12: Y4 | B12: Pearson Correlation | C12: 0.03543051 | D12: .256* | E12: .637** | F12: 1 | G12: .652** | H12: .738** | I12: .608** | J12: .716** | K12: .628** | L12: .612** | M12: 0,777**
B13: Sig. (2-tailed) | C13: 0.72771907 | D13: 0.010571422 | E13: 1.4214559e-12 | G13: 2.6576874e-13 | H13: 2.8436684e-18 | I13: 2.5114871e-11 | J13: 7.6720606e-17 | K13: 3.3115884e-12 | L13: 1.7624488e-11 | M13: 3.3846741e-21
B14: N | C14: 99 | D14: 99 | E14: 99 | F14: 99 | G14: 99 | H14: 99 | I14: 99 | J14: 99 | K14: 99 | L14: 99 | M14: 99
A15: Y5 | B15: Pearson Correlation | C15: 0.18960432 | D15: .333** | E15: .580** | F15: .652** | G15: 1 | H15: .722** | I15: .638** | J15: .656** | K15: .560** | L15: .511** | M15: 0,772**
B16: Sig. (2-tailed) | C16: 0.060153315 | D16: 0.00076402255 | E16: 3.2259023e-10 | F16: 2.6576874e-13 | H16: 3.5378338e-17 | I16: 1.1850544e-12 | J16: 1.7757042e-13 | K16: 1.65802e-09 | L16: 6.3176298e-08 | M16: 8.6189605e-21
B17: N | C17: 99 | D17: 99 | E17: 99 | F17: 99 | G17: 99 | H17: 99 | I17: 99 | J17: 99 | K17: 99 | L17: 99 | M17: 99
A18: Y6 | B18: Pearson Correlation | C18: .215* | D18: .375** | E18: .732** | F18: .738** | G18: .722** | H18: 1 | I18: .822** | J18: .797** | K18: .662** | L18: .605** | M18: 0,885**
B19: Sig. (2-tailed) | C19: 0.032816258 | D19: 0.00013111301 | E19: 7.9896799e-18 | F19: 2.8436684e-18 | G19: 3.5378338e-17 | I19: 2.0067679e-25 | J19: 5.5531902e-23 | K19: 8.7721276e-14 | L19: 3.2101452e-11 | M19: 6.3090161e-34
B20: N | C20: 99 | D20: 99 | E20: 99 | F20: 99 | G20: 99 | H20: 99 | I20: 99 | J20: 99 | K20: 99 | L20: 99 | M20: 99
A21: Y7 | B21: Pearson Correlation | C21: .199* | D21: .294** | E21: .725** | F21: .608** | G21: .638** | H21: .822** | I21: 1 | J21: .711** | K21: .711** | L21: .608** | M21: 0,838**
B22: Sig. (2-tailed) | C22: 0.048855323 | D22: 0.0031586301 | E22: 2.0914988e-17 | F22: 2.5114871e-11 | G22: 1.1850544e-12 | H22: 2.0067679e-25 | J22: 1.6438742e-16 | K22: 1.6438742e-16 | L22: 2.5114871e-11 | M22: 2.8926306e-27
B23: N | C23: 99 | D23: 99 | E23: 99 | F23: 99 | G23: 99 | H23: 99 | I23: 99 | J23: 99 | K23: 99 | L23: 99 | M23: 99
A24: Y8 | B24: Pearson Correlation | C24: .225* | D24: .396** | E24: .664** | F24: .716** | G24: .656** | H24: .797** | I24: .711** | J24: 1 | K24: .821** | L24: .716** | M24: 0,890**
B25: Sig. (2-tailed) | C25: 0.024935482 | D25: 4.9434507e-05 | E25: 6.7257082e-14 | F25: 7.6720606e-17 | G25: 1.7757042e-13 | H25: 5.5531902e-23 | I25: 1.6438742e-16 | K25: 2.5070785e-25 | L25: 7.6720606e-17 | M25: 6.4542434e-35
B26: N | C26: 99 | D26: 99 | E26: 99 | F26: 99 | G26: 99 | H26: 99 | I26: 99 | J26: 99 | K26: 99 | L26: 99 | M26: 99
A27: Y9 | B27: Pearson Correlation | C27: 0.11247243 | D27: .231* | E27: .664** | F27: .628** | G27: .560** | H27: .662** | I27: .711** | J27: .821** | K27: 1 | L27: .848** | M27: 0,826**
B28: Sig. (2-tailed) | C28: 0.26769122 | D28: 0.021635762 | E28: 6.7257082e-14 | F28: 3.3115884e-12 | G28: 1.65802e-09 | H28: 8.7721276e-14 | I28: 1.6438742e-16 | J28: 2.5070785e-25 | L28: 1.5692511e-28 | M28: 7.2517217e-26
B29: N | C29: 99 | D29: 99 | E29: 99 | F29: 99 | G29: 99 | H29: 99 | I29: 99 | J29: 99 | K29: 99 | L29: 99 | M29: 99
A30: Y10 | B30: Pearson Correlation | C30: -0.038414132 | D30: 0.174701 | E30: .595** | F30: .612** | G30: .511** | H30: .605** | I30: .608** | J30: .716** | K30: .848** | L30: 1 | M30: 0,742**
B31: Sig. (2-tailed) | C31: 0.70580136 | D31: 0.083718972 | E31: 8.5942229e-11 | F31: 1.7624488e-11 | G31: 6.3176298e-08 | H31: 3.2101452e-11 | I31: 2.5114871e-11 | J31: 7.6720606e-17 | K31: 1.5692511e-28 | M31: 1.471571e-18
B32: N | C32: 99 | D32: 99 | E32: 99 | F32: 99 | G32: 99 | H32: 99 | I32: 99 | J32: 99 | K32: 99 | L32: 99 | M32: 99
A33: Kepuasan Penumpang | B33: Pearson Correlation | C33: .401** | D33: .553** | E33: .807** | F33: .777** | G33: .772** | H33: .885** | I33: .838** | J33: .890** | K33: .826** | L33: .742** | M33: 1
B34: Sig. (2-tailed) | C34: 3.8901561e-05 | D34: 2.8452229e-09 | E34: 5.8686388e-24 | F34: 3.3846741e-21 | G34: 8.6189605e-21 | H34: 6.3090161e-34 | I34: 2.8926306e-27 | J34: 6.4542434e-35 | K34: 7.2517217e-26 | L34: 1.471571e-18
B35: N | C35: 99 | D35: 99 | E35: 99 | F35: 99 | G35: 99 | H35: 99 | I35: 99 | J35: 99 | K35: 99 | L35: 99 | M35: 99
A36: **. Correlation is significant at the 0.01 level (2-tailed).
A37: *. Correlation is significant at the 0.05 level (2-tailed).

Sheet Rangkuman Validitas
A1: X1 | E1: X2 | I1: Y
A2: Pearson | B2: p-value | C2: Keterangan | E2: Pearson | F2: p-value | G2: Keterangan | I2: Pearson | J2: p-value | K2: Keterangan
A3: =INDEX('X1'!M:M,ROW('Rangkuman Validitas'!A1)*3) -> 0,748** | B3: =INDEX('X1'!M:M,ROW('Rangkuman Validitas'!A1)*3+1) -> 5.3402926e-19 | C3: =IF(B3<0.05,"Valid","Tidak Valid") -> Valid | E3: =INDEX('X2'!M:M,ROW('Rangkuman Validitas'!A1)*3) -> 0,748** | F3: =INDEX('X2'!M:M,ROW('Rangkuman Validitas'!A1)*3+1) -> 5.4710492e-19 | G3: =IF(F3<0.05,"Valid","Tidak Valid") -> Valid | I3: =INDEX(Y!M:M,ROW('Rangkuman Validitas'!A1)*3) -> 0,401** | J3: =INDEX(Y!M:M,ROW('Rangkuman Validitas'!A1)*3+1) -> 3.8901561e-05 | K3: =IF(J3<0.05,"Valid","Tidak Valid") -> Valid
A4: =INDEX('X1'!M:M,ROW('Rangkuman Validitas'!A2)*3) -> 0,733** | B4: =INDEX('X1'!M:M,ROW('Rangkuman Validitas'!A2)*3+1) -> 6.6161296e-18 | C4: =IF(B4<0.05,"Valid","Tidak Valid") -> Valid | E4: =INDEX('X2'!M:M,ROW('Rangkuman Validitas'!A2)*3) -> 0,624** | F4: =INDEX('X2'!M:M,ROW('Rangkuman Validitas'!A2)*3+1) -> 5.0176177e-12 | G4: =IF(F4<0.05,"Valid","Tidak Valid") -> Valid | I4: =INDEX(Y!M:M,ROW('Rangkuman Validitas'!A2)*3) -> 0,553** | J4: =INDEX(Y!M:M,ROW('Rangkuman Validitas'!A2)*3+1) -> 2.8452229e-09 | K4: =IF(J4<0.05,"Valid","Tidak Valid") -> Valid
A5: =INDEX('X1'!M:M,ROW('Rangkuman Validitas'!A3)*3) -> 0,704** | B5: =INDEX('X1'!M:M,ROW('Rangkuman Validitas'!A3)*3+1) -> 4.3266423e-16 | C5: =IF(B5<0.05,"Valid","Tidak Valid") -> Valid | E5: =INDEX('X2'!M:M,ROW('Rangkuman Validitas'!A3)*3) -> 0,509** | F5: =INDEX('X2'!M:M,ROW('Rangkuman Validitas'!A3)*3+1) -> 7.6346276e-08 | G5: =IF(F5<0.05,"Valid","Tidak Valid") -> Valid | I5: =INDEX(Y!M:M,ROW('Rangkuman Validitas'!A3)*3) -> 0,807** | J5: =INDEX(Y!M:M,ROW('Rangkuman Validitas'!A3)*3+1) -> 5.8686388e-24 | K5: =IF(J5<0.05,"Valid","Tidak Valid") -> Valid
A6: =INDEX('X1'!M:M,ROW('Rangkuman Validitas'!A4)*3) -> 0,768** | B6: =INDEX('X1'!M:M,ROW('Rangkuman Validitas'!A4)*3+1) -> 1.7553396e-20 | C6: =IF(B6<0.05,"Valid","Tidak Valid") -> Valid | E6: =INDEX('X2'!M:M,ROW('Rangkuman Validitas'!A4)*3) -> 0,767** | F6: =INDEX('X2'!M:M,ROW('Rangkuman Validitas'!A4)*3+1) -> 2.2322138e-20 | G6: =IF(F6<0.05,"Valid","Tidak Valid") -> Valid | I6: =INDEX(Y!M:M,ROW('Rangkuman Validitas'!A4)*3) -> 0,777** | J6: =INDEX(Y!M:M,ROW('Rangkuman Validitas'!A4)*3+1) -> 3.3846741e-21 | K6: =IF(J6<0.05,"Valid","Tidak Valid") -> Valid
A7: =INDEX('X1'!M:M,ROW('Rangkuman Validitas'!A5)*3) -> 0,745** | B7: =INDEX('X1'!M:M,ROW('Rangkuman Validitas'!A5)*3+1) -> 9.9409536e-19 | C7: =IF(B7<0.05,"Valid","Tidak Valid") -> Valid | E7: =INDEX('X2'!M:M,ROW('Rangkuman Validitas'!A5)*3) -> 0,781** | F7: =INDEX('X2'!M:M,ROW('Rangkuman Validitas'!A5)*3+1) -> 1.4653082e-21 | G7: =IF(F7<0.05,"Valid","Tidak Valid") -> Valid | I7: =INDEX(Y!M:M,ROW('Rangkuman Validitas'!A5)*3) -> 0,772** | J7: =INDEX(Y!M:M,ROW('Rangkuman Validitas'!A5)*3+1) -> 8.6189605e-21 | K7: =IF(J7<0.05,"Valid","Tidak Valid") -> Valid
A8: =INDEX('X1'!M:M,ROW('Rangkuman Validitas'!A6)*3) -> 0,672** | B8: =INDEX('X1'!M:M,ROW('Rangkuman Validitas'!A6)*3+1) -> 2.7010784e-14 | C8: =IF(B8<0.05,"Valid","Tidak Valid") -> Valid | E8: =INDEX('X2'!M:M,ROW('Rangkuman Validitas'!A6)*3) -> 0,815** | F8: =INDEX('X2'!M:M,ROW('Rangkuman Validitas'!A6)*3+1) -> 9.615992e-25 | G8: =IF(F8<0.05,"Valid","Tidak Valid") -> Valid | I8: =INDEX(Y!M:M,ROW('Rangkuman Validitas'!A6)*3) -> 0,885** | J8: =INDEX(Y!M:M,ROW('Rangkuman Validitas'!A6)*3+1) -> 6.3090161e-34 | K8: =IF(J8<0.05,"Valid","Tidak Valid") -> Valid
A9: =INDEX('X1'!M:M,ROW('Rangkuman Validitas'!A7)*3) -> 0,760** | B9: =INDEX('X1'!M:M,ROW('Rangkuman Validitas'!A7)*3+1) -> 7.7987094e-20 | C9: =IF(B9<0.05,"Valid","Tidak Valid") -> Valid | E9: =INDEX('X2'!M:M,ROW('Rangkuman Validitas'!A7)*3) -> 0,664** | F9: =INDEX('X2'!M:M,ROW('Rangkuman Validitas'!A7)*3+1) -> 6.6945832e-14 | G9: =IF(F9<0.05,"Valid","Tidak Valid") -> Valid | I9: =INDEX(Y!M:M,ROW('Rangkuman Validitas'!A7)*3) -> 0,838** | J9: =INDEX(Y!M:M,ROW('Rangkuman Validitas'!A7)*3+1) -> 2.8926306e-27 | K9: =IF(J9<0.05,"Valid","Tidak Valid") -> Valid
A10: =INDEX('X1'!M:M,ROW('Rangkuman Validitas'!A8)*3) -> 0,716** | B10: =INDEX('X1'!M:M,ROW('Rangkuman Validitas'!A8)*3+1) -> 8.3964756e-17 | C10: =IF(B10<0.05,"Valid","Tidak Valid") -> Valid | E10: =INDEX('X2'!M:M,ROW('Rangkuman Validitas'!A8)*3) -> 0,644** | F10: =INDEX('X2'!M:M,ROW('Rangkuman Validitas'!A8)*3+1) -> 6.2813946e-13 | G10: =IF(F10<0.05,"Valid","Tidak Valid") -> Valid | I10: =INDEX(Y!M:M,ROW('Rangkuman Validitas'!A8)*3) -> 0,890** | J10: =INDEX(Y!M:M,ROW('Rangkuman Validitas'!A8)*3+1) -> 6.4542434e-35 | K10: =IF(J10<0.05,"Valid","Tidak Valid") -> Valid
A11: =INDEX('X1'!M:M,ROW('Rangkuman Validitas'!A9)*3) -> 0,496** | B11: =INDEX('X1'!M:M,ROW('Rangkuman Validitas'!A9)*3+1) -> 1.7434863e-07 | C11: =IF(B11<0.05,"Valid","Tidak Valid") -> Valid | E11: =INDEX('X2'!M:M,ROW('Rangkuman Validitas'!A9)*3) -> 0,504** | F11: =INDEX('X2'!M:M,ROW('Rangkuman Validitas'!A9)*3+1) -> 1.0226085e-07 | G11: =IF(F11<0.05,"Valid","Tidak Valid") -> Valid | I11: =INDEX(Y!M:M,ROW('Rangkuman Validitas'!A9)*3) -> 0,826** | J11: =INDEX(Y!M:M,ROW('Rangkuman Validitas'!A9)*3+1) -> 7.2517217e-26 | K11: =IF(J11<0.05,"Valid","Tidak Valid") -> Valid
A12: =INDEX('X1'!M:M,ROW('Rangkuman Validitas'!A10)*3) -> 0,333** | B12: =INDEX('X1'!M:M,ROW('Rangkuman Validitas'!A10)*3+1) -> 0.00074659985 | C12: =IF(B12<0.05,"Valid","Tidak Valid") -> Valid | E12: =INDEX('X2'!M:M,ROW('Rangkuman Validitas'!A10)*3) -> 0,597** | F12: =INDEX('X2'!M:M,ROW('Rangkuman Validitas'!A10)*3+1) -> 7.0384222e-11 | G12: =IF(F12<0.05,"Valid","Tidak Valid") -> Valid | I12: =INDEX(Y!M:M,ROW('Rangkuman Validitas'!A10)*3) -> 0,742** | J12: =INDEX(Y!M:M,ROW('Rangkuman Validitas'!A10)*3+1) -> 1.471571e-18 | K12: =IF(J12<0.05,"Valid","Tidak Valid") -> Valid

Sheet Reliabilitas
A1: Reliability Statistics
A2: Cronbach's Alpha | B2: N of Items
A3: 0.86231821 | B3: 10
A5: Reliability Statistics
A6: Cronbach's Alpha | B6: N of Items
A7: 0.85783898 | B7: 10
A9: Reliability Statistics
A10: Cronbach's Alpha | B10: N of Items
A11: 0.90811982 | B11: 10

Sheet Rangkuman Reliabilits
A1: Variabel | B1: Cronbach's Alpha | C1: Keterangan
A2: Kualitas Pelayanan | B2: =Reliabilitas!A3 -> 0.86231821 | C2: =IF(B2>0.6,"Reliabel","Tidak Reliabel") -> Reliabel
A3: Fasilitas | B3: =Reliabilitas!A7 -> 0.85783898 | C3: =IF(B3>0.6,"Reliabel","Tidak Reliabel") -> Reliabel
A4: Kepuasan Pelanggan | B4: =Reliabilitas!A11 -> 0.90811982 | C4: =IF(B4>0.6,"Reliabel","Tidak Reliabel") -> Reliabel
